{
    "rmse": 0.7171042339740032,
    "mae": 0.5803637652704416,
    "r2": 0.15351690142643282
}